Matrix Size,Current Memory (MB),Peak Memory (MB),Memory Allocation Rate (MB/s),Execution Time (ms/op)
10,1.189401,1.191697,0.0019468258415518127,11.793556213378906
100,0.292424,0.45312,0.3940257713133883,0.040783119201660153
1000,8.003992,24.004632,15.442763653520332,0.0010361254215240478
