Matrix Size,Total Time (ms),Upload Time (ms),Compute Time (ms),Network Transfer (MB),Transfer Rate (MB/s),Memory Before (MB),Memory After (MB),Memory Used (MB),CPU Before (%),CPU After (%),Num Workers
10x10,35451.8865,15221.662499999997,20230.224,0.00152587890625,0.00010024390609435732,34.51953125,38.7421875,4.22265625,10.6,15.4,4
100x100,25486.006900000008,5174.119099999999,20311.887800000008,0.152587890625,0.029490602685392386,38.69921875,39.8125,1.11328125,36.8,13.3,4
500x500,33149.41809999999,22212.56170000001,10936.856399999982,3.814697265625,0.17173603464318113,39.75390625,72.5625,32.80859375,0.0,14.5,4
1000x1000,41957.27579999999,26981.859799999995,14975.415999999996,15.2587890625,0.565520285688387,72.50390625,111.25,38.74609375,18.8,14.0,4
3000x3000,213037.90899999996,106013.64009999998,107024.26889999998,137.3291015625,1.2953908707687138,110.94140625,550.5625,439.62109375,33.3,24.8,4
